proname,pg_get_functiondef
match_entities_by_embedding,"CREATE OR REPLACE FUNCTION public.match_entities_by_embedding(query_embedding vector, match_table text, match_world_id uuid, match_count integer DEFAULT 5, match_threshold double precision DEFAULT 0.7)
 RETURNS TABLE(id uuid, name text, description text, aliases text[], similarity double precision)
 LANGUAGE plpgsql
 SECURITY DEFINER
AS $function$
BEGIN
  RETURN QUERY EXECUTE format(
    'SELECT id, name, description,
      COALESCE(aliases, ARRAY[]::TEXT[]) as aliases,
      1 - (embedding <=> $1) AS similarity
    FROM %I
    WHERE world_id = $2
      AND embedding IS NOT NULL
      AND 1 - (embedding <=> $1) >= $3
    ORDER BY embedding <=> $1
    LIMIT $4',
    match_table
  )
  USING query_embedding, match_world_id, match_threshold, match_count;
END;
$function$
"
match_items,"CREATE OR REPLACE FUNCTION public.match_items(query_embedding vector, world_id uuid, match_count integer DEFAULT 5, match_threshold double precision DEFAULT 0.7)
 RETURNS TABLE(id uuid, name text, description text, aliases text[], is_unique boolean, item_stats jsonb, location_id uuid, unlock_node_id uuid, similarity double precision)
 LANGUAGE plpgsql
 SECURITY DEFINER
AS $function$
BEGIN
  RETURN QUERY
  SELECT items.id, items.name, items.description,
    COALESCE(items.aliases, ARRAY[]::TEXT[]),
    items.is_unique,
    items.item_stats,
    items.location_id,
    items.unlock_node_id,
    1 - (items.embedding <=> query_embedding) AS similarity
  FROM items
  WHERE items.world_id = match_items.world_id
    AND items.embedding IS NOT NULL
    AND 1 - (items.embedding <=> query_embedding) >= match_threshold
  ORDER BY items.embedding <=> query_embedding
  LIMIT match_count;
END;
$function$
"
match_abilities,"CREATE OR REPLACE FUNCTION public.match_abilities(query_embedding vector, world_id uuid, match_count integer DEFAULT 5, match_threshold double precision DEFAULT 0.7)
 RETURNS TABLE(id uuid, name text, description text, aliases text[], similarity double precision)
 LANGUAGE plpgsql
 SECURITY DEFINER
AS $function$
BEGIN
  RETURN QUERY
  SELECT abilities.id, abilities.name, abilities.description,
    COALESCE(abilities.aliases, ARRAY[]::TEXT[]),
    1 - (abilities.embedding <=> query_embedding) AS similarity
  FROM abilities
  WHERE abilities.world_id = match_abilities.world_id
    AND abilities.embedding IS NOT NULL
    AND 1 - (abilities.embedding <=> query_embedding) >= match_threshold
  ORDER BY abilities.embedding <=> query_embedding
  LIMIT match_count;
END;
$function$
"
ivfflat_bit_support,"CREATE OR REPLACE FUNCTION public.ivfflat_bit_support(internal)
 RETURNS internal
 LANGUAGE c
AS '$libdir/vector', $function$ivfflat_bit_support$function$
"
hnsw_halfvec_support,"CREATE OR REPLACE FUNCTION public.hnsw_halfvec_support(internal)
 RETURNS internal
 LANGUAGE c
AS '$libdir/vector', $function$hnsw_halfvec_support$function$
"
array_to_vector,"CREATE OR REPLACE FUNCTION public.array_to_vector(numeric[], integer, boolean)
 RETURNS vector
 LANGUAGE c
 IMMUTABLE PARALLEL SAFE STRICT
AS '$libdir/vector', $function$array_to_vector$function$
"
vector_to_float4,"CREATE OR REPLACE FUNCTION public.vector_to_float4(vector, integer, boolean)
 RETURNS real[]
 LANGUAGE c
 IMMUTABLE PARALLEL SAFE STRICT
AS '$libdir/vector', $function$vector_to_float4$function$
"
ivfflathandler,"CREATE OR REPLACE FUNCTION public.ivfflathandler(internal)
 RETURNS index_am_handler
 LANGUAGE c
AS '$libdir/vector', $function$ivfflathandler$function$
"
hnswhandler,"CREATE OR REPLACE FUNCTION public.hnswhandler(internal)
 RETURNS index_am_handler
 LANGUAGE c
AS '$libdir/vector', $function$hnswhandler$function$
"
ivfflat_halfvec_support,"CREATE OR REPLACE FUNCTION public.ivfflat_halfvec_support(internal)
 RETURNS internal
 LANGUAGE c
AS '$libdir/vector', $function$ivfflat_halfvec_support$function$
"
hnsw_bit_support,"CREATE OR REPLACE FUNCTION public.hnsw_bit_support(internal)
 RETURNS internal
 LANGUAGE c
AS '$libdir/vector', $function$hnsw_bit_support$function$
"
hnsw_sparsevec_support,"CREATE OR REPLACE FUNCTION public.hnsw_sparsevec_support(internal)
 RETURNS internal
 LANGUAGE c
AS '$libdir/vector', $function$hnsw_sparsevec_support$function$
"
halfvec_in,"CREATE OR REPLACE FUNCTION public.halfvec_in(cstring, oid, integer)
 RETURNS halfvec
 LANGUAGE c
 IMMUTABLE PARALLEL SAFE STRICT
AS '$libdir/vector', $function$halfvec_in$function$
"
halfvec_out,"CREATE OR REPLACE FUNCTION public.halfvec_out(halfvec)
 RETURNS cstring
 LANGUAGE c
 IMMUTABLE PARALLEL SAFE STRICT
AS '$libdir/vector', $function$halfvec_out$function$
"
halfvec_typmod_in,"CREATE OR REPLACE FUNCTION public.halfvec_typmod_in(cstring[])
 RETURNS integer
 LANGUAGE c
 IMMUTABLE PARALLEL SAFE STRICT
AS '$libdir/vector', $function$halfvec_typmod_in$function$
"
halfvec_recv,"CREATE OR REPLACE FUNCTION public.halfvec_recv(internal, oid, integer)
 RETURNS halfvec
 LANGUAGE c
 IMMUTABLE PARALLEL SAFE STRICT
AS '$libdir/vector', $function$halfvec_recv$function$
"
halfvec_send,"CREATE OR REPLACE FUNCTION public.halfvec_send(halfvec)
 RETURNS bytea
 LANGUAGE c
 IMMUTABLE PARALLEL SAFE STRICT
AS '$libdir/vector', $function$halfvec_send$function$
"
l2_distance,"CREATE OR REPLACE FUNCTION public.l2_distance(halfvec, halfvec)
 RETURNS double precision
 LANGUAGE c
 IMMUTABLE PARALLEL SAFE STRICT
AS '$libdir/vector', $function$halfvec_l2_distance$function$
"
inner_product,"CREATE OR REPLACE FUNCTION public.inner_product(halfvec, halfvec)
 RETURNS double precision
 LANGUAGE c
 IMMUTABLE PARALLEL SAFE STRICT
AS '$libdir/vector', $function$halfvec_inner_product$function$
"
cosine_distance,"CREATE OR REPLACE FUNCTION public.cosine_distance(halfvec, halfvec)
 RETURNS double precision
 LANGUAGE c
 IMMUTABLE PARALLEL SAFE STRICT
AS '$libdir/vector', $function$halfvec_cosine_distance$function$
"
l1_distance,"CREATE OR REPLACE FUNCTION public.l1_distance(halfvec, halfvec)
 RETURNS double precision
 LANGUAGE c
 IMMUTABLE PARALLEL SAFE STRICT
AS '$libdir/vector', $function$halfvec_l1_distance$function$
"
vector_dims,"CREATE OR REPLACE FUNCTION public.vector_dims(halfvec)
 RETURNS integer
 LANGUAGE c
 IMMUTABLE PARALLEL SAFE STRICT
AS '$libdir/vector', $function$halfvec_vector_dims$function$
"
l2_norm,"CREATE OR REPLACE FUNCTION public.l2_norm(halfvec)
 RETURNS double precision
 LANGUAGE c
 IMMUTABLE PARALLEL SAFE STRICT
AS '$libdir/vector', $function$halfvec_l2_norm$function$
"
match_locations,"CREATE OR REPLACE FUNCTION public.match_locations(query_embedding vector, world_id uuid, match_count integer DEFAULT 5, match_threshold double precision DEFAULT 0.7)
 RETURNS TABLE(id uuid, name text, description text, aliases text[], similarity double precision)
 LANGUAGE plpgsql
 SECURITY DEFINER
AS $function$
BEGIN
  RETURN QUERY
  SELECT locations.id, locations.name, locations.description,
    COALESCE(locations.aliases, ARRAY[]::TEXT[]),
    1 - (locations.embedding <=> query_embedding) AS similarity
  FROM locations
  WHERE locations.world_id = match_locations.world_id
    AND locations.embedding IS NOT NULL
    AND 1 - (locations.embedding <=> query_embedding) >= match_threshold
  ORDER BY locations.embedding <=> query_embedding
  LIMIT match_count;
END;
$function$
"
match_npcs,"CREATE OR REPLACE FUNCTION public.match_npcs(query_embedding vector, world_id uuid, match_count integer DEFAULT 5, match_threshold double precision DEFAULT 0.7)
 RETURNS TABLE(id uuid, name text, description text, aliases text[], personality text, motivations text, combat_stats jsonb, similarity double precision)
 LANGUAGE plpgsql
 SECURITY DEFINER
AS $function$
BEGIN
  RETURN QUERY
  SELECT npcs.id, npcs.name, npcs.description,
    COALESCE(npcs.aliases, ARRAY[]::TEXT[]),
    npcs.personality, npcs.motivations, npcs.combat_stats,
    1 - (npcs.embedding <=> query_embedding) AS similarity
  FROM npcs
  WHERE npcs.world_id = match_npcs.world_id
    AND npcs.embedding IS NOT NULL
    AND 1 - (npcs.embedding <=> query_embedding) >= match_threshold
  ORDER BY npcs.embedding <=> query_embedding
  LIMIT match_count;
END;
$function$
"
l2_normalize,"CREATE OR REPLACE FUNCTION public.l2_normalize(halfvec)
 RETURNS halfvec
 LANGUAGE c
 IMMUTABLE PARALLEL SAFE STRICT
AS '$libdir/vector', $function$halfvec_l2_normalize$function$
"
binary_quantize,"CREATE OR REPLACE FUNCTION public.binary_quantize(halfvec)
 RETURNS bit
 LANGUAGE c
 IMMUTABLE PARALLEL SAFE STRICT
AS '$libdir/vector', $function$halfvec_binary_quantize$function$
"
subvector,"CREATE OR REPLACE FUNCTION public.subvector(halfvec, integer, integer)
 RETURNS halfvec
 LANGUAGE c
 IMMUTABLE PARALLEL SAFE STRICT
AS '$libdir/vector', $function$halfvec_subvector$function$
"
halfvec_add,"CREATE OR REPLACE FUNCTION public.halfvec_add(halfvec, halfvec)
 RETURNS halfvec
 LANGUAGE c
 IMMUTABLE PARALLEL SAFE STRICT
AS '$libdir/vector', $function$halfvec_add$function$
"
halfvec_sub,"CREATE OR REPLACE FUNCTION public.halfvec_sub(halfvec, halfvec)
 RETURNS halfvec
 LANGUAGE c
 IMMUTABLE PARALLEL SAFE STRICT
AS '$libdir/vector', $function$halfvec_sub$function$
"
halfvec_mul,"CREATE OR REPLACE FUNCTION public.halfvec_mul(halfvec, halfvec)
 RETURNS halfvec
 LANGUAGE c
 IMMUTABLE PARALLEL SAFE STRICT
AS '$libdir/vector', $function$halfvec_mul$function$
"
halfvec_concat,"CREATE OR REPLACE FUNCTION public.halfvec_concat(halfvec, halfvec)
 RETURNS halfvec
 LANGUAGE c
 IMMUTABLE PARALLEL SAFE STRICT
AS '$libdir/vector', $function$halfvec_concat$function$
"
halfvec_lt,"CREATE OR REPLACE FUNCTION public.halfvec_lt(halfvec, halfvec)
 RETURNS boolean
 LANGUAGE c
 IMMUTABLE PARALLEL SAFE STRICT
AS '$libdir/vector', $function$halfvec_lt$function$
"
halfvec_le,"CREATE OR REPLACE FUNCTION public.halfvec_le(halfvec, halfvec)
 RETURNS boolean
 LANGUAGE c
 IMMUTABLE PARALLEL SAFE STRICT
AS '$libdir/vector', $function$halfvec_le$function$
"
halfvec_eq,"CREATE OR REPLACE FUNCTION public.halfvec_eq(halfvec, halfvec)
 RETURNS boolean
 LANGUAGE c
 IMMUTABLE PARALLEL SAFE STRICT
AS '$libdir/vector', $function$halfvec_eq$function$
"
halfvec_ne,"CREATE OR REPLACE FUNCTION public.halfvec_ne(halfvec, halfvec)
 RETURNS boolean
 LANGUAGE c
 IMMUTABLE PARALLEL SAFE STRICT
AS '$libdir/vector', $function$halfvec_ne$function$
"
halfvec_ge,"CREATE OR REPLACE FUNCTION public.halfvec_ge(halfvec, halfvec)
 RETURNS boolean
 LANGUAGE c
 IMMUTABLE PARALLEL SAFE STRICT
AS '$libdir/vector', $function$halfvec_ge$function$
"
halfvec_gt,"CREATE OR REPLACE FUNCTION public.halfvec_gt(halfvec, halfvec)
 RETURNS boolean
 LANGUAGE c
 IMMUTABLE PARALLEL SAFE STRICT
AS '$libdir/vector', $function$halfvec_gt$function$
"
halfvec_cmp,"CREATE OR REPLACE FUNCTION public.halfvec_cmp(halfvec, halfvec)
 RETURNS integer
 LANGUAGE c
 IMMUTABLE PARALLEL SAFE STRICT
AS '$libdir/vector', $function$halfvec_cmp$function$
"
halfvec_l2_squared_distance,"CREATE OR REPLACE FUNCTION public.halfvec_l2_squared_distance(halfvec, halfvec)
 RETURNS double precision
 LANGUAGE c
 IMMUTABLE PARALLEL SAFE STRICT
AS '$libdir/vector', $function$halfvec_l2_squared_distance$function$
"
halfvec_negative_inner_product,"CREATE OR REPLACE FUNCTION public.halfvec_negative_inner_product(halfvec, halfvec)
 RETURNS double precision
 LANGUAGE c
 IMMUTABLE PARALLEL SAFE STRICT
AS '$libdir/vector', $function$halfvec_negative_inner_product$function$
"
halfvec_spherical_distance,"CREATE OR REPLACE FUNCTION public.halfvec_spherical_distance(halfvec, halfvec)
 RETURNS double precision
 LANGUAGE c
 IMMUTABLE PARALLEL SAFE STRICT
AS '$libdir/vector', $function$halfvec_spherical_distance$function$
"
halfvec_accum,"CREATE OR REPLACE FUNCTION public.halfvec_accum(double precision[], halfvec)
 RETURNS double precision[]
 LANGUAGE c
 IMMUTABLE PARALLEL SAFE STRICT
AS '$libdir/vector', $function$halfvec_accum$function$
"
halfvec_avg,"CREATE OR REPLACE FUNCTION public.halfvec_avg(double precision[])
 RETURNS halfvec
 LANGUAGE c
 IMMUTABLE PARALLEL SAFE STRICT
AS '$libdir/vector', $function$halfvec_avg$function$
"
halfvec_combine,"CREATE OR REPLACE FUNCTION public.halfvec_combine(double precision[], double precision[])
 RETURNS double precision[]
 LANGUAGE c
 IMMUTABLE PARALLEL SAFE STRICT
AS '$libdir/vector', $function$vector_combine$function$
"
halfvec,"CREATE OR REPLACE FUNCTION public.halfvec(halfvec, integer, boolean)
 RETURNS halfvec
 LANGUAGE c
 IMMUTABLE PARALLEL SAFE STRICT
AS '$libdir/vector', $function$halfvec$function$
"
halfvec_to_vector,"CREATE OR REPLACE FUNCTION public.halfvec_to_vector(halfvec, integer, boolean)
 RETURNS vector
 LANGUAGE c
 IMMUTABLE PARALLEL SAFE STRICT
AS '$libdir/vector', $function$halfvec_to_vector$function$
"
vector_to_halfvec,"CREATE OR REPLACE FUNCTION public.vector_to_halfvec(vector, integer, boolean)
 RETURNS halfvec
 LANGUAGE c
 IMMUTABLE PARALLEL SAFE STRICT
AS '$libdir/vector', $function$vector_to_halfvec$function$
"
array_to_halfvec,"CREATE OR REPLACE FUNCTION public.array_to_halfvec(integer[], integer, boolean)
 RETURNS halfvec
 LANGUAGE c
 IMMUTABLE PARALLEL SAFE STRICT
AS '$libdir/vector', $function$array_to_halfvec$function$
"
array_to_halfvec,"CREATE OR REPLACE FUNCTION public.array_to_halfvec(real[], integer, boolean)
 RETURNS halfvec
 LANGUAGE c
 IMMUTABLE PARALLEL SAFE STRICT
AS '$libdir/vector', $function$array_to_halfvec$function$
"
array_to_halfvec,"CREATE OR REPLACE FUNCTION public.array_to_halfvec(double precision[], integer, boolean)
 RETURNS halfvec
 LANGUAGE c
 IMMUTABLE PARALLEL SAFE STRICT
AS '$libdir/vector', $function$array_to_halfvec$function$
"
array_to_halfvec,"CREATE OR REPLACE FUNCTION public.array_to_halfvec(numeric[], integer, boolean)
 RETURNS halfvec
 LANGUAGE c
 IMMUTABLE PARALLEL SAFE STRICT
AS '$libdir/vector', $function$array_to_halfvec$function$
"
halfvec_to_float4,"CREATE OR REPLACE FUNCTION public.halfvec_to_float4(halfvec, integer, boolean)
 RETURNS real[]
 LANGUAGE c
 IMMUTABLE PARALLEL SAFE STRICT
AS '$libdir/vector', $function$halfvec_to_float4$function$
"
hamming_distance,"CREATE OR REPLACE FUNCTION public.hamming_distance(bit, bit)
 RETURNS double precision
 LANGUAGE c
 IMMUTABLE PARALLEL SAFE STRICT
AS '$libdir/vector', $function$hamming_distance$function$
"
jaccard_distance,"CREATE OR REPLACE FUNCTION public.jaccard_distance(bit, bit)
 RETURNS double precision
 LANGUAGE c
 IMMUTABLE PARALLEL SAFE STRICT
AS '$libdir/vector', $function$jaccard_distance$function$
"
sparsevec_in,"CREATE OR REPLACE FUNCTION public.sparsevec_in(cstring, oid, integer)
 RETURNS sparsevec
 LANGUAGE c
 IMMUTABLE PARALLEL SAFE STRICT
AS '$libdir/vector', $function$sparsevec_in$function$
"
sparsevec_out,"CREATE OR REPLACE FUNCTION public.sparsevec_out(sparsevec)
 RETURNS cstring
 LANGUAGE c
 IMMUTABLE PARALLEL SAFE STRICT
AS '$libdir/vector', $function$sparsevec_out$function$
"
sparsevec_typmod_in,"CREATE OR REPLACE FUNCTION public.sparsevec_typmod_in(cstring[])
 RETURNS integer
 LANGUAGE c
 IMMUTABLE PARALLEL SAFE STRICT
AS '$libdir/vector', $function$sparsevec_typmod_in$function$
"
sparsevec_recv,"CREATE OR REPLACE FUNCTION public.sparsevec_recv(internal, oid, integer)
 RETURNS sparsevec
 LANGUAGE c
 IMMUTABLE PARALLEL SAFE STRICT
AS '$libdir/vector', $function$sparsevec_recv$function$
"
sparsevec_send,"CREATE OR REPLACE FUNCTION public.sparsevec_send(sparsevec)
 RETURNS bytea
 LANGUAGE c
 IMMUTABLE PARALLEL SAFE STRICT
AS '$libdir/vector', $function$sparsevec_send$function$
"
l2_distance,"CREATE OR REPLACE FUNCTION public.l2_distance(sparsevec, sparsevec)
 RETURNS double precision
 LANGUAGE c
 IMMUTABLE PARALLEL SAFE STRICT
AS '$libdir/vector', $function$sparsevec_l2_distance$function$
"
inner_product,"CREATE OR REPLACE FUNCTION public.inner_product(sparsevec, sparsevec)
 RETURNS double precision
 LANGUAGE c
 IMMUTABLE PARALLEL SAFE STRICT
AS '$libdir/vector', $function$sparsevec_inner_product$function$
"
cosine_distance,"CREATE OR REPLACE FUNCTION public.cosine_distance(sparsevec, sparsevec)
 RETURNS double precision
 LANGUAGE c
 IMMUTABLE PARALLEL SAFE STRICT
AS '$libdir/vector', $function$sparsevec_cosine_distance$function$
"
l1_distance,"CREATE OR REPLACE FUNCTION public.l1_distance(sparsevec, sparsevec)
 RETURNS double precision
 LANGUAGE c
 IMMUTABLE PARALLEL SAFE STRICT
AS '$libdir/vector', $function$sparsevec_l1_distance$function$
"
l2_norm,"CREATE OR REPLACE FUNCTION public.l2_norm(sparsevec)
 RETURNS double precision
 LANGUAGE c
 IMMUTABLE PARALLEL SAFE STRICT
AS '$libdir/vector', $function$sparsevec_l2_norm$function$
"
l2_normalize,"CREATE OR REPLACE FUNCTION public.l2_normalize(sparsevec)
 RETURNS sparsevec
 LANGUAGE c
 IMMUTABLE PARALLEL SAFE STRICT
AS '$libdir/vector', $function$sparsevec_l2_normalize$function$
"
sparsevec_lt,"CREATE OR REPLACE FUNCTION public.sparsevec_lt(sparsevec, sparsevec)
 RETURNS boolean
 LANGUAGE c
 IMMUTABLE PARALLEL SAFE STRICT
AS '$libdir/vector', $function$sparsevec_lt$function$
"
sparsevec_le,"CREATE OR REPLACE FUNCTION public.sparsevec_le(sparsevec, sparsevec)
 RETURNS boolean
 LANGUAGE c
 IMMUTABLE PARALLEL SAFE STRICT
AS '$libdir/vector', $function$sparsevec_le$function$
"
sparsevec_negative_inner_product,"CREATE OR REPLACE FUNCTION public.sparsevec_negative_inner_product(sparsevec, sparsevec)
 RETURNS double precision
 LANGUAGE c
 IMMUTABLE PARALLEL SAFE STRICT
AS '$libdir/vector', $function$sparsevec_negative_inner_product$function$
"
sparsevec_eq,"CREATE OR REPLACE FUNCTION public.sparsevec_eq(sparsevec, sparsevec)
 RETURNS boolean
 LANGUAGE c
 IMMUTABLE PARALLEL SAFE STRICT
AS '$libdir/vector', $function$sparsevec_eq$function$
"
sparsevec_ne,"CREATE OR REPLACE FUNCTION public.sparsevec_ne(sparsevec, sparsevec)
 RETURNS boolean
 LANGUAGE c
 IMMUTABLE PARALLEL SAFE STRICT
AS '$libdir/vector', $function$sparsevec_ne$function$
"
sparsevec_ge,"CREATE OR REPLACE FUNCTION public.sparsevec_ge(sparsevec, sparsevec)
 RETURNS boolean
 LANGUAGE c
 IMMUTABLE PARALLEL SAFE STRICT
AS '$libdir/vector', $function$sparsevec_ge$function$
"
sparsevec_gt,"CREATE OR REPLACE FUNCTION public.sparsevec_gt(sparsevec, sparsevec)
 RETURNS boolean
 LANGUAGE c
 IMMUTABLE PARALLEL SAFE STRICT
AS '$libdir/vector', $function$sparsevec_gt$function$
"
sparsevec_cmp,"CREATE OR REPLACE FUNCTION public.sparsevec_cmp(sparsevec, sparsevec)
 RETURNS integer
 LANGUAGE c
 IMMUTABLE PARALLEL SAFE STRICT
AS '$libdir/vector', $function$sparsevec_cmp$function$
"
sparsevec_l2_squared_distance,"CREATE OR REPLACE FUNCTION public.sparsevec_l2_squared_distance(sparsevec, sparsevec)
 RETURNS double precision
 LANGUAGE c
 IMMUTABLE PARALLEL SAFE STRICT
AS '$libdir/vector', $function$sparsevec_l2_squared_distance$function$
"
sparsevec,"CREATE OR REPLACE FUNCTION public.sparsevec(sparsevec, integer, boolean)
 RETURNS sparsevec
 LANGUAGE c
 IMMUTABLE PARALLEL SAFE STRICT
AS '$libdir/vector', $function$sparsevec$function$
"
vector_to_sparsevec,"CREATE OR REPLACE FUNCTION public.vector_to_sparsevec(vector, integer, boolean)
 RETURNS sparsevec
 LANGUAGE c
 IMMUTABLE PARALLEL SAFE STRICT
AS '$libdir/vector', $function$vector_to_sparsevec$function$
"
sparsevec_to_vector,"CREATE OR REPLACE FUNCTION public.sparsevec_to_vector(sparsevec, integer, boolean)
 RETURNS vector
 LANGUAGE c
 IMMUTABLE PARALLEL SAFE STRICT
AS '$libdir/vector', $function$sparsevec_to_vector$function$
"
halfvec_to_sparsevec,"CREATE OR REPLACE FUNCTION public.halfvec_to_sparsevec(halfvec, integer, boolean)
 RETURNS sparsevec
 LANGUAGE c
 IMMUTABLE PARALLEL SAFE STRICT
AS '$libdir/vector', $function$halfvec_to_sparsevec$function$
"
sparsevec_to_halfvec,"CREATE OR REPLACE FUNCTION public.sparsevec_to_halfvec(sparsevec, integer, boolean)
 RETURNS halfvec
 LANGUAGE c
 IMMUTABLE PARALLEL SAFE STRICT
AS '$libdir/vector', $function$sparsevec_to_halfvec$function$
"
array_to_sparsevec,"CREATE OR REPLACE FUNCTION public.array_to_sparsevec(integer[], integer, boolean)
 RETURNS sparsevec
 LANGUAGE c
 IMMUTABLE PARALLEL SAFE STRICT
AS '$libdir/vector', $function$array_to_sparsevec$function$
"
array_to_sparsevec,"CREATE OR REPLACE FUNCTION public.array_to_sparsevec(real[], integer, boolean)
 RETURNS sparsevec
 LANGUAGE c
 IMMUTABLE PARALLEL SAFE STRICT
AS '$libdir/vector', $function$array_to_sparsevec$function$
"
array_to_sparsevec,"CREATE OR REPLACE FUNCTION public.array_to_sparsevec(double precision[], integer, boolean)
 RETURNS sparsevec
 LANGUAGE c
 IMMUTABLE PARALLEL SAFE STRICT
AS '$libdir/vector', $function$array_to_sparsevec$function$
"
array_to_sparsevec,"CREATE OR REPLACE FUNCTION public.array_to_sparsevec(numeric[], integer, boolean)
 RETURNS sparsevec
 LANGUAGE c
 IMMUTABLE PARALLEL SAFE STRICT
AS '$libdir/vector', $function$array_to_sparsevec$function$
"
match_organizations,"CREATE OR REPLACE FUNCTION public.match_organizations(query_embedding vector, world_id uuid, match_count integer DEFAULT 5, match_threshold double precision DEFAULT 0.7)
 RETURNS TABLE(id uuid, name text, description text, aliases text[], similarity double precision)
 LANGUAGE plpgsql
 SECURITY DEFINER
AS $function$
BEGIN
  RETURN QUERY
  SELECT organizations.id, organizations.name, organizations.description,
    COALESCE(organizations.aliases, ARRAY[]::TEXT[]),
    1 - (organizations.embedding <=> query_embedding) AS similarity
  FROM organizations
  WHERE organizations.world_id = match_organizations.world_id
    AND organizations.embedding IS NOT NULL
    AND 1 - (organizations.embedding <=> query_embedding) >= match_threshold
  ORDER BY organizations.embedding <=> query_embedding
  LIMIT match_count;
END;
$function$
"
vector_norm,"CREATE OR REPLACE FUNCTION public.vector_norm(vector)
 RETURNS double precision
 LANGUAGE c
 IMMUTABLE PARALLEL SAFE STRICT
AS '$libdir/vector', $function$vector_norm$function$
"
l2_normalize,"CREATE OR REPLACE FUNCTION public.l2_normalize(vector)
 RETURNS vector
 LANGUAGE c
 IMMUTABLE PARALLEL SAFE STRICT
AS '$libdir/vector', $function$l2_normalize$function$
"
cosine_distance,"CREATE OR REPLACE FUNCTION public.cosine_distance(vector, vector)
 RETURNS double precision
 LANGUAGE c
 IMMUTABLE PARALLEL SAFE STRICT
AS '$libdir/vector', $function$cosine_distance$function$
"
l1_distance,"CREATE OR REPLACE FUNCTION public.l1_distance(vector, vector)
 RETURNS double precision
 LANGUAGE c
 IMMUTABLE PARALLEL SAFE STRICT
AS '$libdir/vector', $function$l1_distance$function$
"
vector_dims,"CREATE OR REPLACE FUNCTION public.vector_dims(vector)
 RETURNS integer
 LANGUAGE c
 IMMUTABLE PARALLEL SAFE STRICT
AS '$libdir/vector', $function$vector_dims$function$
"
binary_quantize,"CREATE OR REPLACE FUNCTION public.binary_quantize(vector)
 RETURNS bit
 LANGUAGE c
 IMMUTABLE PARALLEL SAFE STRICT
AS '$libdir/vector', $function$binary_quantize$function$
"
subvector,"CREATE OR REPLACE FUNCTION public.subvector(vector, integer, integer)
 RETURNS vector
 LANGUAGE c
 IMMUTABLE PARALLEL SAFE STRICT
AS '$libdir/vector', $function$subvector$function$
"
vector_add,"CREATE OR REPLACE FUNCTION public.vector_add(vector, vector)
 RETURNS vector
 LANGUAGE c
 IMMUTABLE PARALLEL SAFE STRICT
AS '$libdir/vector', $function$vector_add$function$
"
vector_sub,"CREATE OR REPLACE FUNCTION public.vector_sub(vector, vector)
 RETURNS vector
 LANGUAGE c
 IMMUTABLE PARALLEL SAFE STRICT
AS '$libdir/vector', $function$vector_sub$function$
"
vector_mul,"CREATE OR REPLACE FUNCTION public.vector_mul(vector, vector)
 RETURNS vector
 LANGUAGE c
 IMMUTABLE PARALLEL SAFE STRICT
AS '$libdir/vector', $function$vector_mul$function$
"
match_taxonomies,"CREATE OR REPLACE FUNCTION public.match_taxonomies(query_embedding vector, world_id uuid, match_count integer DEFAULT 5, match_threshold double precision DEFAULT 0.7)
 RETURNS TABLE(id uuid, name text, description text, aliases text[], similarity double precision)
 LANGUAGE plpgsql
 SECURITY DEFINER
AS $function$
BEGIN
  RETURN QUERY
  SELECT taxonomies.id, taxonomies.name, taxonomies.description,
    COALESCE(taxonomies.aliases, ARRAY[]::TEXT[]),
    1 - (taxonomies.embedding <=> query_embedding) AS similarity
  FROM taxonomies
  WHERE taxonomies.world_id = match_taxonomies.world_id
    AND taxonomies.embedding IS NOT NULL
    AND 1 - (taxonomies.embedding <=> query_embedding) >= match_threshold
  ORDER BY taxonomies.embedding <=> query_embedding
  LIMIT match_count;
END;
$function$
"
vector_concat,"CREATE OR REPLACE FUNCTION public.vector_concat(vector, vector)
 RETURNS vector
 LANGUAGE c
 IMMUTABLE PARALLEL SAFE STRICT
AS '$libdir/vector', $function$vector_concat$function$
"
vector_lt,"CREATE OR REPLACE FUNCTION public.vector_lt(vector, vector)
 RETURNS boolean
 LANGUAGE c
 IMMUTABLE PARALLEL SAFE STRICT
AS '$libdir/vector', $function$vector_lt$function$
"
vector_le,"CREATE OR REPLACE FUNCTION public.vector_le(vector, vector)
 RETURNS boolean
 LANGUAGE c
 IMMUTABLE PARALLEL SAFE STRICT
AS '$libdir/vector', $function$vector_le$function$
"
vector_eq,"CREATE OR REPLACE FUNCTION public.vector_eq(vector, vector)
 RETURNS boolean
 LANGUAGE c
 IMMUTABLE PARALLEL SAFE STRICT
AS '$libdir/vector', $function$vector_eq$function$
"
vector_ne,"CREATE OR REPLACE FUNCTION public.vector_ne(vector, vector)
 RETURNS boolean
 LANGUAGE c
 IMMUTABLE PARALLEL SAFE STRICT
AS '$libdir/vector', $function$vector_ne$function$
"
vector_ge,"CREATE OR REPLACE FUNCTION public.vector_ge(vector, vector)
 RETURNS boolean
 LANGUAGE c
 IMMUTABLE PARALLEL SAFE STRICT
AS '$libdir/vector', $function$vector_ge$function$
"
vector_gt,"CREATE OR REPLACE FUNCTION public.vector_gt(vector, vector)
 RETURNS boolean
 LANGUAGE c
 IMMUTABLE PARALLEL SAFE STRICT
AS '$libdir/vector', $function$vector_gt$function$
"
vector_cmp,"CREATE OR REPLACE FUNCTION public.vector_cmp(vector, vector)
 RETURNS integer
 LANGUAGE c
 IMMUTABLE PARALLEL SAFE STRICT
AS '$libdir/vector', $function$vector_cmp$function$
"
vector_l2_squared_distance,"CREATE OR REPLACE FUNCTION public.vector_l2_squared_distance(vector, vector)
 RETURNS double precision
 LANGUAGE c
 IMMUTABLE PARALLEL SAFE STRICT
AS '$libdir/vector', $function$vector_l2_squared_distance$function$
"
vector_negative_inner_product,"CREATE OR REPLACE FUNCTION public.vector_negative_inner_product(vector, vector)
 RETURNS double precision
 LANGUAGE c
 IMMUTABLE PARALLEL SAFE STRICT
AS '$libdir/vector', $function$vector_negative_inner_product$function$
"
vector_spherical_distance,"CREATE OR REPLACE FUNCTION public.vector_spherical_distance(vector, vector)
 RETURNS double precision
 LANGUAGE c
 IMMUTABLE PARALLEL SAFE STRICT
AS '$libdir/vector', $function$vector_spherical_distance$function$
"
vector_accum,"CREATE OR REPLACE FUNCTION public.vector_accum(double precision[], vector)
 RETURNS double precision[]
 LANGUAGE c
 IMMUTABLE PARALLEL SAFE STRICT
AS '$libdir/vector', $function$vector_accum$function$
"
vector_avg,"CREATE OR REPLACE FUNCTION public.vector_avg(double precision[])
 RETURNS vector
 LANGUAGE c
 IMMUTABLE PARALLEL SAFE STRICT
AS '$libdir/vector', $function$vector_avg$function$
"
vector_combine,"CREATE OR REPLACE FUNCTION public.vector_combine(double precision[], double precision[])
 RETURNS double precision[]
 LANGUAGE c
 IMMUTABLE PARALLEL SAFE STRICT
AS '$libdir/vector', $function$vector_combine$function$
"
vector,"CREATE OR REPLACE FUNCTION public.vector(vector, integer, boolean)
 RETURNS vector
 LANGUAGE c
 IMMUTABLE PARALLEL SAFE STRICT
AS '$libdir/vector', $function$vector$function$
"
array_to_vector,"CREATE OR REPLACE FUNCTION public.array_to_vector(integer[], integer, boolean)
 RETURNS vector
 LANGUAGE c
 IMMUTABLE PARALLEL SAFE STRICT
AS '$libdir/vector', $function$array_to_vector$function$
"
array_to_vector,"CREATE OR REPLACE FUNCTION public.array_to_vector(real[], integer, boolean)
 RETURNS vector
 LANGUAGE c
 IMMUTABLE PARALLEL SAFE STRICT
AS '$libdir/vector', $function$array_to_vector$function$
"
array_to_vector,"CREATE OR REPLACE FUNCTION public.array_to_vector(double precision[], integer, boolean)
 RETURNS vector
 LANGUAGE c
 IMMUTABLE PARALLEL SAFE STRICT
AS '$libdir/vector', $function$array_to_vector$function$
"
vector_in,"CREATE OR REPLACE FUNCTION public.vector_in(cstring, oid, integer)
 RETURNS vector
 LANGUAGE c
 IMMUTABLE PARALLEL SAFE STRICT
AS '$libdir/vector', $function$vector_in$function$
"
vector_typmod_in,"CREATE OR REPLACE FUNCTION public.vector_typmod_in(cstring[])
 RETURNS integer
 LANGUAGE c
 IMMUTABLE PARALLEL SAFE STRICT
AS '$libdir/vector', $function$vector_typmod_in$function$
"
vector_out,"CREATE OR REPLACE FUNCTION public.vector_out(vector)
 RETURNS cstring
 LANGUAGE c
 IMMUTABLE PARALLEL SAFE STRICT
AS '$libdir/vector', $function$vector_out$function$
"
vector_recv,"CREATE OR REPLACE FUNCTION public.vector_recv(internal, oid, integer)
 RETURNS vector
 LANGUAGE c
 IMMUTABLE PARALLEL SAFE STRICT
AS '$libdir/vector', $function$vector_recv$function$
"
vector_send,"CREATE OR REPLACE FUNCTION public.vector_send(vector)
 RETURNS bytea
 LANGUAGE c
 IMMUTABLE PARALLEL SAFE STRICT
AS '$libdir/vector', $function$vector_send$function$
"
l2_distance,"CREATE OR REPLACE FUNCTION public.l2_distance(vector, vector)
 RETURNS double precision
 LANGUAGE c
 IMMUTABLE PARALLEL SAFE STRICT
AS '$libdir/vector', $function$l2_distance$function$
"
inner_product,"CREATE OR REPLACE FUNCTION public.inner_product(vector, vector)
 RETURNS double precision
 LANGUAGE c
 IMMUTABLE PARALLEL SAFE STRICT
AS '$libdir/vector', $function$inner_product$function$
"
ltree_in,"CREATE OR REPLACE FUNCTION public.ltree_in(cstring)
 RETURNS ltree
 LANGUAGE c
 IMMUTABLE PARALLEL SAFE STRICT
AS '$libdir/ltree', $function$ltree_in$function$
"
ltree_out,"CREATE OR REPLACE FUNCTION public.ltree_out(ltree)
 RETURNS cstring
 LANGUAGE c
 IMMUTABLE PARALLEL SAFE STRICT
AS '$libdir/ltree', $function$ltree_out$function$
"
ltree_cmp,"CREATE OR REPLACE FUNCTION public.ltree_cmp(ltree, ltree)
 RETURNS integer
 LANGUAGE c
 IMMUTABLE PARALLEL SAFE STRICT
AS '$libdir/ltree', $function$ltree_cmp$function$
"
ltree_lt,"CREATE OR REPLACE FUNCTION public.ltree_lt(ltree, ltree)
 RETURNS boolean
 LANGUAGE c
 IMMUTABLE PARALLEL SAFE STRICT
AS '$libdir/ltree', $function$ltree_lt$function$
"
ltree_le,"CREATE OR REPLACE FUNCTION public.ltree_le(ltree, ltree)
 RETURNS boolean
 LANGUAGE c
 IMMUTABLE PARALLEL SAFE STRICT
AS '$libdir/ltree', $function$ltree_le$function$
"
ltree_eq,"CREATE OR REPLACE FUNCTION public.ltree_eq(ltree, ltree)
 RETURNS boolean
 LANGUAGE c
 IMMUTABLE PARALLEL SAFE STRICT
AS '$libdir/ltree', $function$ltree_eq$function$
"
ltree_ge,"CREATE OR REPLACE FUNCTION public.ltree_ge(ltree, ltree)
 RETURNS boolean
 LANGUAGE c
 IMMUTABLE PARALLEL SAFE STRICT
AS '$libdir/ltree', $function$ltree_ge$function$
"
ltree_gt,"CREATE OR REPLACE FUNCTION public.ltree_gt(ltree, ltree)
 RETURNS boolean
 LANGUAGE c
 IMMUTABLE PARALLEL SAFE STRICT
AS '$libdir/ltree', $function$ltree_gt$function$
"
ltree_ne,"CREATE OR REPLACE FUNCTION public.ltree_ne(ltree, ltree)
 RETURNS boolean
 LANGUAGE c
 IMMUTABLE PARALLEL SAFE STRICT
AS '$libdir/ltree', $function$ltree_ne$function$
"
subltree,"CREATE OR REPLACE FUNCTION public.subltree(ltree, integer, integer)
 RETURNS ltree
 LANGUAGE c
 IMMUTABLE PARALLEL SAFE STRICT
AS '$libdir/ltree', $function$subltree$function$
"
subpath,"CREATE OR REPLACE FUNCTION public.subpath(ltree, integer, integer)
 RETURNS ltree
 LANGUAGE c
 IMMUTABLE PARALLEL SAFE STRICT
AS '$libdir/ltree', $function$subpath$function$
"
subpath,"CREATE OR REPLACE FUNCTION public.subpath(ltree, integer)
 RETURNS ltree
 LANGUAGE c
 IMMUTABLE PARALLEL SAFE STRICT
AS '$libdir/ltree', $function$subpath$function$
"
index,"CREATE OR REPLACE FUNCTION public.index(ltree, ltree)
 RETURNS integer
 LANGUAGE c
 IMMUTABLE PARALLEL SAFE STRICT
AS '$libdir/ltree', $function$ltree_index$function$
"
index,"CREATE OR REPLACE FUNCTION public.index(ltree, ltree, integer)
 RETURNS integer
 LANGUAGE c
 IMMUTABLE PARALLEL SAFE STRICT
AS '$libdir/ltree', $function$ltree_index$function$
"
nlevel,"CREATE OR REPLACE FUNCTION public.nlevel(ltree)
 RETURNS integer
 LANGUAGE c
 IMMUTABLE PARALLEL SAFE STRICT
AS '$libdir/ltree', $function$nlevel$function$
"
ltree2text,"CREATE OR REPLACE FUNCTION public.ltree2text(ltree)
 RETURNS text
 LANGUAGE c
 IMMUTABLE PARALLEL SAFE STRICT
AS '$libdir/ltree', $function$ltree2text$function$
"
text2ltree,"CREATE OR REPLACE FUNCTION public.text2ltree(text)
 RETURNS ltree
 LANGUAGE c
 IMMUTABLE PARALLEL SAFE STRICT
AS '$libdir/ltree', $function$text2ltree$function$
"
lca,"CREATE OR REPLACE FUNCTION public.lca(ltree[])
 RETURNS ltree
 LANGUAGE c
 IMMUTABLE PARALLEL SAFE STRICT
AS '$libdir/ltree', $function$_lca$function$
"
lca,"CREATE OR REPLACE FUNCTION public.lca(ltree, ltree)
 RETURNS ltree
 LANGUAGE c
 IMMUTABLE PARALLEL SAFE STRICT
AS '$libdir/ltree', $function$lca$function$
"
lca,"CREATE OR REPLACE FUNCTION public.lca(ltree, ltree, ltree)
 RETURNS ltree
 LANGUAGE c
 IMMUTABLE PARALLEL SAFE STRICT
AS '$libdir/ltree', $function$lca$function$
"
lca,"CREATE OR REPLACE FUNCTION public.lca(ltree, ltree, ltree, ltree)
 RETURNS ltree
 LANGUAGE c
 IMMUTABLE PARALLEL SAFE STRICT
AS '$libdir/ltree', $function$lca$function$
"
lca,"CREATE OR REPLACE FUNCTION public.lca(ltree, ltree, ltree, ltree, ltree)
 RETURNS ltree
 LANGUAGE c
 IMMUTABLE PARALLEL SAFE STRICT
AS '$libdir/ltree', $function$lca$function$
"
lca,"CREATE OR REPLACE FUNCTION public.lca(ltree, ltree, ltree, ltree, ltree, ltree)
 RETURNS ltree
 LANGUAGE c
 IMMUTABLE PARALLEL SAFE STRICT
AS '$libdir/ltree', $function$lca$function$
"
lca,"CREATE OR REPLACE FUNCTION public.lca(ltree, ltree, ltree, ltree, ltree, ltree, ltree)
 RETURNS ltree
 LANGUAGE c
 IMMUTABLE PARALLEL SAFE STRICT
AS '$libdir/ltree', $function$lca$function$
"
lca,"CREATE OR REPLACE FUNCTION public.lca(ltree, ltree, ltree, ltree, ltree, ltree, ltree, ltree)
 RETURNS ltree
 LANGUAGE c
 IMMUTABLE PARALLEL SAFE STRICT
AS '$libdir/ltree', $function$lca$function$
"
ltree_isparent,"CREATE OR REPLACE FUNCTION public.ltree_isparent(ltree, ltree)
 RETURNS boolean
 LANGUAGE c
 IMMUTABLE PARALLEL SAFE STRICT
AS '$libdir/ltree', $function$ltree_isparent$function$
"
ltree_risparent,"CREATE OR REPLACE FUNCTION public.ltree_risparent(ltree, ltree)
 RETURNS boolean
 LANGUAGE c
 IMMUTABLE PARALLEL SAFE STRICT
AS '$libdir/ltree', $function$ltree_risparent$function$
"
ltree_addltree,"CREATE OR REPLACE FUNCTION public.ltree_addltree(ltree, ltree)
 RETURNS ltree
 LANGUAGE c
 IMMUTABLE PARALLEL SAFE STRICT
AS '$libdir/ltree', $function$ltree_addltree$function$
"
ltree_addtext,"CREATE OR REPLACE FUNCTION public.ltree_addtext(ltree, text)
 RETURNS ltree
 LANGUAGE c
 IMMUTABLE PARALLEL SAFE STRICT
AS '$libdir/ltree', $function$ltree_addtext$function$
"
ltree_textadd,"CREATE OR REPLACE FUNCTION public.ltree_textadd(text, ltree)
 RETURNS ltree
 LANGUAGE c
 IMMUTABLE PARALLEL SAFE STRICT
AS '$libdir/ltree', $function$ltree_textadd$function$
"
ltreeparentsel,"CREATE OR REPLACE FUNCTION public.ltreeparentsel(internal, oid, internal, integer)
 RETURNS double precision
 LANGUAGE c
 IMMUTABLE PARALLEL SAFE STRICT
AS '$libdir/ltree', $function$ltreeparentsel$function$
"
lquery_in,"CREATE OR REPLACE FUNCTION public.lquery_in(cstring)
 RETURNS lquery
 LANGUAGE c
 IMMUTABLE PARALLEL SAFE STRICT
AS '$libdir/ltree', $function$lquery_in$function$
"
lquery_out,"CREATE OR REPLACE FUNCTION public.lquery_out(lquery)
 RETURNS cstring
 LANGUAGE c
 IMMUTABLE PARALLEL SAFE STRICT
AS '$libdir/ltree', $function$lquery_out$function$
"
ltq_regex,"CREATE OR REPLACE FUNCTION public.ltq_regex(ltree, lquery)
 RETURNS boolean
 LANGUAGE c
 IMMUTABLE PARALLEL SAFE STRICT
AS '$libdir/ltree', $function$ltq_regex$function$
"
ltq_rregex,"CREATE OR REPLACE FUNCTION public.ltq_rregex(lquery, ltree)
 RETURNS boolean
 LANGUAGE c
 IMMUTABLE PARALLEL SAFE STRICT
AS '$libdir/ltree', $function$ltq_rregex$function$
"
lt_q_regex,"CREATE OR REPLACE FUNCTION public.lt_q_regex(ltree, lquery[])
 RETURNS boolean
 LANGUAGE c
 IMMUTABLE PARALLEL SAFE STRICT
AS '$libdir/ltree', $function$lt_q_regex$function$
"
lt_q_rregex,"CREATE OR REPLACE FUNCTION public.lt_q_rregex(lquery[], ltree)
 RETURNS boolean
 LANGUAGE c
 IMMUTABLE PARALLEL SAFE STRICT
AS '$libdir/ltree', $function$lt_q_rregex$function$
"
ltxtq_in,"CREATE OR REPLACE FUNCTION public.ltxtq_in(cstring)
 RETURNS ltxtquery
 LANGUAGE c
 IMMUTABLE PARALLEL SAFE STRICT
AS '$libdir/ltree', $function$ltxtq_in$function$
"
ltxtq_out,"CREATE OR REPLACE FUNCTION public.ltxtq_out(ltxtquery)
 RETURNS cstring
 LANGUAGE c
 IMMUTABLE PARALLEL SAFE STRICT
AS '$libdir/ltree', $function$ltxtq_out$function$
"
ltxtq_exec,"CREATE OR REPLACE FUNCTION public.ltxtq_exec(ltree, ltxtquery)
 RETURNS boolean
 LANGUAGE c
 IMMUTABLE PARALLEL SAFE STRICT
AS '$libdir/ltree', $function$ltxtq_exec$function$
"
ltxtq_rexec,"CREATE OR REPLACE FUNCTION public.ltxtq_rexec(ltxtquery, ltree)
 RETURNS boolean
 LANGUAGE c
 IMMUTABLE PARALLEL SAFE STRICT
AS '$libdir/ltree', $function$ltxtq_rexec$function$
"
ltree_gist_in,"CREATE OR REPLACE FUNCTION public.ltree_gist_in(cstring)
 RETURNS ltree_gist
 LANGUAGE c
 IMMUTABLE PARALLEL SAFE STRICT
AS '$libdir/ltree', $function$ltree_gist_in$function$
"
ltree_gist_out,"CREATE OR REPLACE FUNCTION public.ltree_gist_out(ltree_gist)
 RETURNS cstring
 LANGUAGE c
 IMMUTABLE PARALLEL SAFE STRICT
AS '$libdir/ltree', $function$ltree_gist_out$function$
"
ltree_consistent,"CREATE OR REPLACE FUNCTION public.ltree_consistent(internal, ltree, smallint, oid, internal)
 RETURNS boolean
 LANGUAGE c
 IMMUTABLE PARALLEL SAFE STRICT
AS '$libdir/ltree', $function$ltree_consistent$function$
"
ltree_compress,"CREATE OR REPLACE FUNCTION public.ltree_compress(internal)
 RETURNS internal
 LANGUAGE c
 IMMUTABLE PARALLEL SAFE STRICT
AS '$libdir/ltree', $function$ltree_compress$function$
"
ltree_decompress,"CREATE OR REPLACE FUNCTION public.ltree_decompress(internal)
 RETURNS internal
 LANGUAGE c
 IMMUTABLE PARALLEL SAFE STRICT
AS '$libdir/ltree', $function$ltree_decompress$function$
"
ltree_penalty,"CREATE OR REPLACE FUNCTION public.ltree_penalty(internal, internal, internal)
 RETURNS internal
 LANGUAGE c
 IMMUTABLE PARALLEL SAFE STRICT
AS '$libdir/ltree', $function$ltree_penalty$function$
"
ltree_picksplit,"CREATE OR REPLACE FUNCTION public.ltree_picksplit(internal, internal)
 RETURNS internal
 LANGUAGE c
 IMMUTABLE PARALLEL SAFE STRICT
AS '$libdir/ltree', $function$ltree_picksplit$function$
"
ltree_union,"CREATE OR REPLACE FUNCTION public.ltree_union(internal, internal)
 RETURNS ltree_gist
 LANGUAGE c
 IMMUTABLE PARALLEL SAFE STRICT
AS '$libdir/ltree', $function$ltree_union$function$
"
ltree_same,"CREATE OR REPLACE FUNCTION public.ltree_same(ltree_gist, ltree_gist, internal)
 RETURNS internal
 LANGUAGE c
 IMMUTABLE PARALLEL SAFE STRICT
AS '$libdir/ltree', $function$ltree_same$function$
"
_ltree_isparent,"CREATE OR REPLACE FUNCTION public._ltree_isparent(ltree[], ltree)
 RETURNS boolean
 LANGUAGE c
 IMMUTABLE PARALLEL SAFE STRICT
AS '$libdir/ltree', $function$_ltree_isparent$function$
"
_ltree_r_isparent,"CREATE OR REPLACE FUNCTION public._ltree_r_isparent(ltree, ltree[])
 RETURNS boolean
 LANGUAGE c
 IMMUTABLE PARALLEL SAFE STRICT
AS '$libdir/ltree', $function$_ltree_r_isparent$function$
"
_ltree_risparent,"CREATE OR REPLACE FUNCTION public._ltree_risparent(ltree[], ltree)
 RETURNS boolean
 LANGUAGE c
 IMMUTABLE PARALLEL SAFE STRICT
AS '$libdir/ltree', $function$_ltree_risparent$function$
"
_ltree_r_risparent,"CREATE OR REPLACE FUNCTION public._ltree_r_risparent(ltree, ltree[])
 RETURNS boolean
 LANGUAGE c
 IMMUTABLE PARALLEL SAFE STRICT
AS '$libdir/ltree', $function$_ltree_r_risparent$function$
"
_ltq_regex,"CREATE OR REPLACE FUNCTION public._ltq_regex(ltree[], lquery)
 RETURNS boolean
 LANGUAGE c
 IMMUTABLE PARALLEL SAFE STRICT
AS '$libdir/ltree', $function$_ltq_regex$function$
"
_ltq_rregex,"CREATE OR REPLACE FUNCTION public._ltq_rregex(lquery, ltree[])
 RETURNS boolean
 LANGUAGE c
 IMMUTABLE PARALLEL SAFE STRICT
AS '$libdir/ltree', $function$_ltq_rregex$function$
"
_lt_q_regex,"CREATE OR REPLACE FUNCTION public._lt_q_regex(ltree[], lquery[])
 RETURNS boolean
 LANGUAGE c
 IMMUTABLE PARALLEL SAFE STRICT
AS '$libdir/ltree', $function$_lt_q_regex$function$
"
_lt_q_rregex,"CREATE OR REPLACE FUNCTION public._lt_q_rregex(lquery[], ltree[])
 RETURNS boolean
 LANGUAGE c
 IMMUTABLE PARALLEL SAFE STRICT
AS '$libdir/ltree', $function$_lt_q_rregex$function$
"
_ltxtq_exec,"CREATE OR REPLACE FUNCTION public._ltxtq_exec(ltree[], ltxtquery)
 RETURNS boolean
 LANGUAGE c
 IMMUTABLE PARALLEL SAFE STRICT
AS '$libdir/ltree', $function$_ltxtq_exec$function$
"
_ltxtq_rexec,"CREATE OR REPLACE FUNCTION public._ltxtq_rexec(ltxtquery, ltree[])
 RETURNS boolean
 LANGUAGE c
 IMMUTABLE PARALLEL SAFE STRICT
AS '$libdir/ltree', $function$_ltxtq_rexec$function$
"
_ltree_extract_isparent,"CREATE OR REPLACE FUNCTION public._ltree_extract_isparent(ltree[], ltree)
 RETURNS ltree
 LANGUAGE c
 IMMUTABLE PARALLEL SAFE STRICT
AS '$libdir/ltree', $function$_ltree_extract_isparent$function$
"
_ltree_extract_risparent,"CREATE OR REPLACE FUNCTION public._ltree_extract_risparent(ltree[], ltree)
 RETURNS ltree
 LANGUAGE c
 IMMUTABLE PARALLEL SAFE STRICT
AS '$libdir/ltree', $function$_ltree_extract_risparent$function$
"
_ltq_extract_regex,"CREATE OR REPLACE FUNCTION public._ltq_extract_regex(ltree[], lquery)
 RETURNS ltree
 LANGUAGE c
 IMMUTABLE PARALLEL SAFE STRICT
AS '$libdir/ltree', $function$_ltq_extract_regex$function$
"
_ltxtq_extract_exec,"CREATE OR REPLACE FUNCTION public._ltxtq_extract_exec(ltree[], ltxtquery)
 RETURNS ltree
 LANGUAGE c
 IMMUTABLE PARALLEL SAFE STRICT
AS '$libdir/ltree', $function$_ltxtq_extract_exec$function$
"
_ltree_consistent,"CREATE OR REPLACE FUNCTION public._ltree_consistent(internal, ltree[], smallint, oid, internal)
 RETURNS boolean
 LANGUAGE c
 IMMUTABLE PARALLEL SAFE STRICT
AS '$libdir/ltree', $function$_ltree_consistent$function$
"
_ltree_compress,"CREATE OR REPLACE FUNCTION public._ltree_compress(internal)
 RETURNS internal
 LANGUAGE c
 IMMUTABLE PARALLEL SAFE STRICT
AS '$libdir/ltree', $function$_ltree_compress$function$
"
_ltree_penalty,"CREATE OR REPLACE FUNCTION public._ltree_penalty(internal, internal, internal)
 RETURNS internal
 LANGUAGE c
 IMMUTABLE PARALLEL SAFE STRICT
AS '$libdir/ltree', $function$_ltree_penalty$function$
"
_ltree_picksplit,"CREATE OR REPLACE FUNCTION public._ltree_picksplit(internal, internal)
 RETURNS internal
 LANGUAGE c
 IMMUTABLE PARALLEL SAFE STRICT
AS '$libdir/ltree', $function$_ltree_picksplit$function$
"
_ltree_union,"CREATE OR REPLACE FUNCTION public._ltree_union(internal, internal)
 RETURNS ltree_gist
 LANGUAGE c
 IMMUTABLE PARALLEL SAFE STRICT
AS '$libdir/ltree', $function$_ltree_union$function$
"
_ltree_same,"CREATE OR REPLACE FUNCTION public._ltree_same(ltree_gist, ltree_gist, internal)
 RETURNS internal
 LANGUAGE c
 IMMUTABLE PARALLEL SAFE STRICT
AS '$libdir/ltree', $function$_ltree_same$function$
"
ltree_recv,"CREATE OR REPLACE FUNCTION public.ltree_recv(internal)
 RETURNS ltree
 LANGUAGE c
 IMMUTABLE PARALLEL SAFE STRICT
AS '$libdir/ltree', $function$ltree_recv$function$
"
ltree_send,"CREATE OR REPLACE FUNCTION public.ltree_send(ltree)
 RETURNS bytea
 LANGUAGE c
 IMMUTABLE PARALLEL SAFE STRICT
AS '$libdir/ltree', $function$ltree_send$function$
"
lquery_recv,"CREATE OR REPLACE FUNCTION public.lquery_recv(internal)
 RETURNS lquery
 LANGUAGE c
 IMMUTABLE PARALLEL SAFE STRICT
AS '$libdir/ltree', $function$lquery_recv$function$
"
lquery_send,"CREATE OR REPLACE FUNCTION public.lquery_send(lquery)
 RETURNS bytea
 LANGUAGE c
 IMMUTABLE PARALLEL SAFE STRICT
AS '$libdir/ltree', $function$lquery_send$function$
"
ltxtq_recv,"CREATE OR REPLACE FUNCTION public.ltxtq_recv(internal)
 RETURNS ltxtquery
 LANGUAGE c
 IMMUTABLE PARALLEL SAFE STRICT
AS '$libdir/ltree', $function$ltxtq_recv$function$
"
ltxtq_send,"CREATE OR REPLACE FUNCTION public.ltxtq_send(ltxtquery)
 RETURNS bytea
 LANGUAGE c
 IMMUTABLE PARALLEL SAFE STRICT
AS '$libdir/ltree', $function$ltxtq_send$function$
"
ltree_gist_options,"CREATE OR REPLACE FUNCTION public.ltree_gist_options(internal)
 RETURNS void
 LANGUAGE c
 IMMUTABLE PARALLEL SAFE
AS '$libdir/ltree', $function$ltree_gist_options$function$
"
_ltree_gist_options,"CREATE OR REPLACE FUNCTION public._ltree_gist_options(internal)
 RETURNS void
 LANGUAGE c
 IMMUTABLE PARALLEL SAFE
AS '$libdir/ltree', $function$_ltree_gist_options$function$
"
hash_ltree,"CREATE OR REPLACE FUNCTION public.hash_ltree(ltree)
 RETURNS integer
 LANGUAGE c
 IMMUTABLE PARALLEL SAFE STRICT
AS '$libdir/ltree', $function$hash_ltree$function$
"
hash_ltree_extended,"CREATE OR REPLACE FUNCTION public.hash_ltree_extended(ltree, bigint)
 RETURNS bigint
 LANGUAGE c
 IMMUTABLE PARALLEL SAFE STRICT
AS '$libdir/ltree', $function$hash_ltree_extended$function$
"
set_limit,"CREATE OR REPLACE FUNCTION public.set_limit(real)
 RETURNS real
 LANGUAGE c
 STRICT
AS '$libdir/pg_trgm', $function$set_limit$function$
"
show_limit,"CREATE OR REPLACE FUNCTION public.show_limit()
 RETURNS real
 LANGUAGE c
 STABLE PARALLEL SAFE STRICT
AS '$libdir/pg_trgm', $function$show_limit$function$
"
show_trgm,"CREATE OR REPLACE FUNCTION public.show_trgm(text)
 RETURNS text[]
 LANGUAGE c
 IMMUTABLE PARALLEL SAFE STRICT
AS '$libdir/pg_trgm', $function$show_trgm$function$
"
similarity,"CREATE OR REPLACE FUNCTION public.similarity(text, text)
 RETURNS real
 LANGUAGE c
 IMMUTABLE PARALLEL SAFE STRICT
AS '$libdir/pg_trgm', $function$similarity$function$
"
similarity_op,"CREATE OR REPLACE FUNCTION public.similarity_op(text, text)
 RETURNS boolean
 LANGUAGE c
 STABLE PARALLEL SAFE STRICT
AS '$libdir/pg_trgm', $function$similarity_op$function$
"
word_similarity,"CREATE OR REPLACE FUNCTION public.word_similarity(text, text)
 RETURNS real
 LANGUAGE c
 IMMUTABLE PARALLEL SAFE STRICT
AS '$libdir/pg_trgm', $function$word_similarity$function$
"
word_similarity_op,"CREATE OR REPLACE FUNCTION public.word_similarity_op(text, text)
 RETURNS boolean
 LANGUAGE c
 STABLE PARALLEL SAFE STRICT
AS '$libdir/pg_trgm', $function$word_similarity_op$function$
"
word_similarity_commutator_op,"CREATE OR REPLACE FUNCTION public.word_similarity_commutator_op(text, text)
 RETURNS boolean
 LANGUAGE c
 STABLE PARALLEL SAFE STRICT
AS '$libdir/pg_trgm', $function$word_similarity_commutator_op$function$
"
similarity_dist,"CREATE OR REPLACE FUNCTION public.similarity_dist(text, text)
 RETURNS real
 LANGUAGE c
 IMMUTABLE PARALLEL SAFE STRICT
AS '$libdir/pg_trgm', $function$similarity_dist$function$
"
word_similarity_dist_op,"CREATE OR REPLACE FUNCTION public.word_similarity_dist_op(text, text)
 RETURNS real
 LANGUAGE c
 IMMUTABLE PARALLEL SAFE STRICT
AS '$libdir/pg_trgm', $function$word_similarity_dist_op$function$
"
word_similarity_dist_commutator_op,"CREATE OR REPLACE FUNCTION public.word_similarity_dist_commutator_op(text, text)
 RETURNS real
 LANGUAGE c
 IMMUTABLE PARALLEL SAFE STRICT
AS '$libdir/pg_trgm', $function$word_similarity_dist_commutator_op$function$
"
gtrgm_in,"CREATE OR REPLACE FUNCTION public.gtrgm_in(cstring)
 RETURNS gtrgm
 LANGUAGE c
 IMMUTABLE PARALLEL SAFE STRICT
AS '$libdir/pg_trgm', $function$gtrgm_in$function$
"
gtrgm_out,"CREATE OR REPLACE FUNCTION public.gtrgm_out(gtrgm)
 RETURNS cstring
 LANGUAGE c
 IMMUTABLE PARALLEL SAFE STRICT
AS '$libdir/pg_trgm', $function$gtrgm_out$function$
"
gtrgm_consistent,"CREATE OR REPLACE FUNCTION public.gtrgm_consistent(internal, text, smallint, oid, internal)
 RETURNS boolean
 LANGUAGE c
 IMMUTABLE PARALLEL SAFE STRICT
AS '$libdir/pg_trgm', $function$gtrgm_consistent$function$
"
gtrgm_distance,"CREATE OR REPLACE FUNCTION public.gtrgm_distance(internal, text, smallint, oid, internal)
 RETURNS double precision
 LANGUAGE c
 IMMUTABLE PARALLEL SAFE STRICT
AS '$libdir/pg_trgm', $function$gtrgm_distance$function$
"
gtrgm_compress,"CREATE OR REPLACE FUNCTION public.gtrgm_compress(internal)
 RETURNS internal
 LANGUAGE c
 IMMUTABLE PARALLEL SAFE STRICT
AS '$libdir/pg_trgm', $function$gtrgm_compress$function$
"
gtrgm_decompress,"CREATE OR REPLACE FUNCTION public.gtrgm_decompress(internal)
 RETURNS internal
 LANGUAGE c
 IMMUTABLE PARALLEL SAFE STRICT
AS '$libdir/pg_trgm', $function$gtrgm_decompress$function$
"
gtrgm_penalty,"CREATE OR REPLACE FUNCTION public.gtrgm_penalty(internal, internal, internal)
 RETURNS internal
 LANGUAGE c
 IMMUTABLE PARALLEL SAFE STRICT
AS '$libdir/pg_trgm', $function$gtrgm_penalty$function$
"
gtrgm_picksplit,"CREATE OR REPLACE FUNCTION public.gtrgm_picksplit(internal, internal)
 RETURNS internal
 LANGUAGE c
 IMMUTABLE PARALLEL SAFE STRICT
AS '$libdir/pg_trgm', $function$gtrgm_picksplit$function$
"
gtrgm_union,"CREATE OR REPLACE FUNCTION public.gtrgm_union(internal, internal)
 RETURNS gtrgm
 LANGUAGE c
 IMMUTABLE PARALLEL SAFE STRICT
AS '$libdir/pg_trgm', $function$gtrgm_union$function$
"
gtrgm_same,"CREATE OR REPLACE FUNCTION public.gtrgm_same(gtrgm, gtrgm, internal)
 RETURNS internal
 LANGUAGE c
 IMMUTABLE PARALLEL SAFE STRICT
AS '$libdir/pg_trgm', $function$gtrgm_same$function$
"
gin_extract_value_trgm,"CREATE OR REPLACE FUNCTION public.gin_extract_value_trgm(text, internal)
 RETURNS internal
 LANGUAGE c
 IMMUTABLE PARALLEL SAFE STRICT
AS '$libdir/pg_trgm', $function$gin_extract_value_trgm$function$
"
gin_extract_query_trgm,"CREATE OR REPLACE FUNCTION public.gin_extract_query_trgm(text, internal, smallint, internal, internal, internal, internal)
 RETURNS internal
 LANGUAGE c
 IMMUTABLE PARALLEL SAFE STRICT
AS '$libdir/pg_trgm', $function$gin_extract_query_trgm$function$
"
gin_trgm_consistent,"CREATE OR REPLACE FUNCTION public.gin_trgm_consistent(internal, smallint, text, integer, internal, internal, internal, internal)
 RETURNS boolean
 LANGUAGE c
 IMMUTABLE PARALLEL SAFE STRICT
AS '$libdir/pg_trgm', $function$gin_trgm_consistent$function$
"
gin_trgm_triconsistent,"CREATE OR REPLACE FUNCTION public.gin_trgm_triconsistent(internal, smallint, text, integer, internal, internal, internal)
 RETURNS ""char""
 LANGUAGE c
 IMMUTABLE PARALLEL SAFE STRICT
AS '$libdir/pg_trgm', $function$gin_trgm_triconsistent$function$
"
strict_word_similarity,"CREATE OR REPLACE FUNCTION public.strict_word_similarity(text, text)
 RETURNS real
 LANGUAGE c
 IMMUTABLE PARALLEL SAFE STRICT
AS '$libdir/pg_trgm', $function$strict_word_similarity$function$
"
strict_word_similarity_op,"CREATE OR REPLACE FUNCTION public.strict_word_similarity_op(text, text)
 RETURNS boolean
 LANGUAGE c
 STABLE PARALLEL SAFE STRICT
AS '$libdir/pg_trgm', $function$strict_word_similarity_op$function$
"
strict_word_similarity_commutator_op,"CREATE OR REPLACE FUNCTION public.strict_word_similarity_commutator_op(text, text)
 RETURNS boolean
 LANGUAGE c
 STABLE PARALLEL SAFE STRICT
AS '$libdir/pg_trgm', $function$strict_word_similarity_commutator_op$function$
"
strict_word_similarity_dist_op,"CREATE OR REPLACE FUNCTION public.strict_word_similarity_dist_op(text, text)
 RETURNS real
 LANGUAGE c
 IMMUTABLE PARALLEL SAFE STRICT
AS '$libdir/pg_trgm', $function$strict_word_similarity_dist_op$function$
"
strict_word_similarity_dist_commutator_op,"CREATE OR REPLACE FUNCTION public.strict_word_similarity_dist_commutator_op(text, text)
 RETURNS real
 LANGUAGE c
 IMMUTABLE PARALLEL SAFE STRICT
AS '$libdir/pg_trgm', $function$strict_word_similarity_dist_commutator_op$function$
"
gtrgm_options,"CREATE OR REPLACE FUNCTION public.gtrgm_options(internal)
 RETURNS void
 LANGUAGE c
 IMMUTABLE PARALLEL SAFE
AS '$libdir/pg_trgm', $function$gtrgm_options$function$
"
update_location_path,"CREATE OR REPLACE FUNCTION public.update_location_path()
 RETURNS trigger
 LANGUAGE plpgsql
AS $function$
BEGIN
  IF NEW.parent_location_id IS NULL THEN
    NEW.path = text2ltree(NEW.id::TEXT);
  ELSE
    SELECT path || text2ltree(NEW.id::TEXT) INTO NEW.path
    FROM locations WHERE id = NEW.parent_location_id;
  END IF;
  RETURN NEW;
END;
$function$
"
update_generated_location_path,"CREATE OR REPLACE FUNCTION public.update_generated_location_path()
 RETURNS trigger
 LANGUAGE plpgsql
AS $function$
BEGIN
  IF NEW.parent_generated_location_id IS NULL AND NEW.parent_location_id IS NULL THEN
    NEW.path = text2ltree(NEW.id::TEXT);
  ELSIF NEW.parent_generated_location_id IS NOT NULL THEN
    SELECT path || text2ltree(NEW.id::TEXT) INTO NEW.path
    FROM generated_locations WHERE id = NEW.parent_generated_location_id;
  ELSE
    SELECT path || text2ltree(NEW.id::TEXT) INTO NEW.path
    FROM locations WHERE id = NEW.parent_location_id;
  END IF;
  RETURN NEW;
END;
$function$
"
match_rules,"CREATE OR REPLACE FUNCTION public.match_rules(query_embedding vector, world_id uuid, match_count integer DEFAULT 10, match_threshold double precision DEFAULT 0.7)
 RETURNS TABLE(id uuid, name text, description text, aliases text[], priority boolean, similarity double precision)
 LANGUAGE plpgsql
 SECURITY DEFINER
AS $function$
BEGIN
  RETURN QUERY
  SELECT rules.id, rules.name, rules.description,
    COALESCE(rules.aliases, ARRAY[]::TEXT[]),
    rules.priority,
    1 - (rules.embedding <=> query_embedding) AS similarity
  FROM rules
  WHERE rules.world_id = match_rules.world_id
    AND rules.embedding IS NOT NULL
    AND 1 - (rules.embedding <=> query_embedding) >= match_threshold
  ORDER BY rules.embedding <=> query_embedding
  LIMIT match_count;
END;
$function$
"